{
  "phi4-mini:latest": {
    "model_name": "phi4-mini:latest",
    "error_by_digit": {
      "1": 0.0,
      "2": 172.1886654603223,
      "3": 1659335100.3519297,
      "4": 84.95642249441863,
      "5": 234.68541456009686,
      "6": 3057.9306041379446,
      "7": 181.1747332544083,
      "8": 201.76664220774745,
      "9": 9915.486405967877
    },
    "direction_bias": 0.11666666666666667,
    "error_growth_rate": 1606123.934985211,
    "test_type_performance": {
      "random": {
        "accuracy": 0.05714285714285714,
        "avg_error": 489.5545951366788
      },
      "repeated_digits": {
        "accuracy": 0.6,
        "avg_error": 2986803006.2949286
      },
      "powers_of_10": {
        "accuracy": 0.6,
        "avg_error": 360.0
      },
      "near_powers_of_10": {
        "accuracy": 0.0,
        "avg_error": 2.6009452713483325
      },
      "repeating_patterns": {
        "accuracy": 0.0,
        "avg_error": 4062.1398597489997
      },
      "edge_case": {
        "accuracy": 1.0,
        "avg_error": 0.0
      }
    },
    "digit_error_patterns": {
      "13": {
        "error_rate": 0.5,
        "avg_error": -0.5714285714285714
      },
      "12": {
        "error_rate": 0.8,
        "avg_error": 2.25
      },
      "11": {
        "error_rate": 0.8823529411764706,
        "avg_error": 2.2
      },
      "10": {
        "error_rate": 0.8,
        "avg_error": 1.875
      },
      "9": {
        "error_rate": 0.8260869565217391,
        "avg_error": -0.3157894736842105
      },
      "8": {
        "error_rate": 0.9615384615384616,
        "avg_error": -0.12
      },
      "7": {
        "error_rate": 0.7027027027027027,
        "avg_error": -0.6538461538461539
      },
      "6": {
        "error_rate": 0.725,
        "avg_error": 0.7241379310344828
      },
      "5": {
        "error_rate": 0.723404255319149,
        "avg_error": -1.0
      },
      "4": {
        "error_rate": 0.75,
        "avg_error": 0.717948717948718
      },
      "3": {
        "error_rate": 0.6964285714285714,
        "avg_error": 0.5641025641025641
      },
      "2": {
        "error_rate": 0.576271186440678,
        "avg_error": -1.2058823529411764
      },
      "1": {
        "error_rate": 0.5666666666666667,
        "avg_error": 0.8823529411764706
      },
      "0": {
        "error_rate": 0.11666666666666667,
        "avg_error": 1.1428571428571428
      },
      "15": {
        "error_rate": 0.4,
        "avg_error": 3.0
      },
      "14": {
        "error_rate": 0.875,
        "avg_error": 1.0
      },
      "19": {
        "error_rate": 1.0,
        "avg_error": 3.0
      },
      "18": {
        "error_rate": 1.0,
        "avg_error": 9.0
      },
      "17": {
        "error_rate": 0.0,
        "avg_error": 0
      },
      "16": {
        "error_rate": 0.0,
        "avg_error": 0
      }
    },
    "accuracy_rate": 0.21666666666666667,
    "distinguishing_features": [],
    "growth_rates": {
      "3": 9636726.644671584,
      "4": 5.1199075145460467e-08,
      "5": 2.7624211056617285,
      "6": 13.02991329848872,
      "7": 0.059247496659749384,
      "8": 1.1136577302113297
    }
  },
  "gemma3:1b": {
    "model_name": "gemma3:1b",
    "error_by_digit": {
      "2": 13.791916669538677,
      "3": 827.9126640709957,
      "4": 237.20323139821377,
      "5": 1873.4883069013647,
      "6": 1003.6948510886205,
      "7": 395.1589061541148,
      "8": 458.92516075021285
    },
    "direction_bias": 0.5333333333333333,
    "error_growth_rate": 11.717398410694011,
    "test_type_performance": {
      "random": {
        "accuracy": 0.02857142857142857,
        "avg_error": 831.4711022481102
      },
      "repeating_patterns": {
        "accuracy": 0.0,
        "avg_error": 596.8594562216082
      },
      "near_powers_of_10": {
        "accuracy": 0.2,
        "avg_error": 60.12036026010236
      },
      "repeated_digits": {
        "accuracy": 0.4,
        "avg_error": 179.58302778051447
      },
      "powers_of_10": {
        "accuracy": 0.2,
        "avg_error": 720.0
      },
      "edge_case": {
        "accuracy": 0.6,
        "avg_error": 2020.0416778594954
      }
    },
    "digit_error_patterns": {
      "16": {
        "error_rate": 1.0,
        "avg_error": 2.0
      },
      "15": {
        "error_rate": 1.0,
        "avg_error": 1.25
      },
      "14": {
        "error_rate": 1.0,
        "avg_error": 0.16666666666666666
      },
      "13": {
        "error_rate": 0.9,
        "avg_error": 1.5555555555555556
      },
      "12": {
        "error_rate": 0.9333333333333333,
        "avg_error": 0.14285714285714285
      },
      "11": {
        "error_rate": 0.8095238095238095,
        "avg_error": 0.47058823529411764
      },
      "10": {
        "error_rate": 0.96,
        "avg_error": 0.041666666666666664
      },
      "9": {
        "error_rate": 0.8928571428571429,
        "avg_error": 2.28
      },
      "8": {
        "error_rate": 0.78125,
        "avg_error": 0.72
      },
      "7": {
        "error_rate": 0.7368421052631579,
        "avg_error": -0.6071428571428571
      },
      "6": {
        "error_rate": 0.6521739130434783,
        "avg_error": 1.2666666666666666
      },
      "5": {
        "error_rate": 0.64,
        "avg_error": 0.5
      },
      "4": {
        "error_rate": 0.6111111111111112,
        "avg_error": 0.2727272727272727
      },
      "3": {
        "error_rate": 0.6379310344827587,
        "avg_error": 0.35135135135135137
      },
      "2": {
        "error_rate": 0.6666666666666666,
        "avg_error": -1.225
      },
      "1": {
        "error_rate": 0.5833333333333334,
        "avg_error": 0.02857142857142857
      },
      "0": {
        "error_rate": 0.31666666666666665,
        "avg_error": 1.3157894736842106
      }
    },
    "accuracy_rate": 0.13333333333333333,
    "distinguishing_features": [],
    "growth_rates": {
      "3": 60.02883311349708,
      "4": 0.2865075529003781,
      "5": 7.898241081531374,
      "6": 0.53573585028063,
      "7": 0.39370422765995094,
      "8": 1.161368638294663
    }
  },
  "llama3.2:1b": {
    "model_name": "llama3.2:1b",
    "error_by_digit": {
      "2": 174.85496610773257,
      "3": 78.29263262637839,
      "4": 82.65507276346989,
      "5": 128.13937940979574,
      "6": 163.66609415093384,
      "7": 71.22709915953868,
      "8": 113.3104954503298,
      "9": 99.93102275864811
    },
    "direction_bias": -0.45,
    "error_growth_rate": 1.0595083446808056,
    "test_type_performance": {
      "random": {
        "accuracy": 0.0,
        "avg_error": 89.47996751173372
      },
      "edge_case": {
        "accuracy": 0.0,
        "avg_error": 100.49962062915127
      },
      "repeated_digits": {
        "accuracy": 0.0,
        "avg_error": 89.26906801412454
      },
      "near_powers_of_10": {
        "accuracy": 0.0,
        "avg_error": 234.18321464522484
      },
      "powers_of_10": {
        "accuracy": 0.2,
        "avg_error": 217.4
      },
      "repeating_patterns": {
        "accuracy": 0.0,
        "avg_error": 94.09225070083653
      }
    },
    "digit_error_patterns": {
      "14": {
        "error_rate": 0.7142857142857143,
        "avg_error": -4.0
      },
      "13": {
        "error_rate": 0.8333333333333334,
        "avg_error": -2.9
      },
      "12": {
        "error_rate": 0.9230769230769231,
        "avg_error": -1.5
      },
      "11": {
        "error_rate": 0.9411764705882353,
        "avg_error": -1.4375
      },
      "10": {
        "error_rate": 0.8333333333333334,
        "avg_error": -2.4
      },
      "9": {
        "error_rate": 0.875,
        "avg_error": -2.0
      },